City_ID,City,Country,Date,Lat,Lng,Max Temp,Humidity,Cloudiness,Wind Speed
0,Sola,VU,2021-05-26 22:13:49,-13.8833,167.55,79.47,74,40,0.0
1,Cape Town,ZA,2021-05-26 22:12:36,-33.9258,18.4232,58.12,85,100,2.3
2,Mahebourg,MU,2021-05-26 22:13:51,-20.4081,57.7,72.25,87,8,4.0
3,Hermanus,ZA,2021-05-26 22:13:14,-34.4187,19.2345,57.9,80,97,1.97
4,Atuona,PF,2021-05-26 22:13:54,-9.8,-139.0333,79.02,76,72,11.9
5,Namatanai,PG,2021-05-26 22:13:55,-3.6667,152.4333,74.19,91,100,5.48
6,Saint-Philippe,RE,2021-05-26 22:13:58,-21.3585,55.7679,71.19,83,31,2.71
7,Praia,CV,2021-05-26 22:13:59,14.9215,-23.5087,72.14,78,20,20.71
8,Georgetown,MY,2021-05-26 22:11:23,5.4112,100.3354,78.73,94,40,2.98
9,Carnarvon,AU,2021-05-26 22:14:02,-24.8667,113.6333,55.47,71,55,6.91
10,Road Town,VG,2021-05-26 22:14:03,18.4167,-64.6167,83.19,69,20,10.36
11,Puerto Escondido,MX,2021-05-26 22:14:05,15.85,-97.0667,86.83,70,90,9.22
12,Torbay,CA,2021-05-26 22:14:07,47.6666,-52.7314,49.75,93,100,5.88
13,Ushuaia,AR,2021-05-26 22:11:37,-54.8,-68.3,28.06,100,90,18.41
14,Mataura,NZ,2021-05-26 22:14:10,-46.1927,168.8643,39.54,73,90,3.91
15,Outjo,NA,2021-05-26 22:14:11,-20.1167,16.15,57.0,41,0,7.61
16,Parkes,AU,2021-05-26 22:14:13,-33.1333,148.1833,45.36,92,0,4.45
17,Nkhotakota,MW,2021-05-26 22:14:14,-12.9274,34.2961,63.45,61,0,4.72
18,Kapaa,US,2021-05-26 22:11:52,22.0752,-159.319,82.38,71,20,1.99
19,Kargil,IN,2021-05-26 22:14:16,34.5667,76.1,39.09,42,0,3.96
20,Yellowknife,CA,2021-05-26 22:14:18,62.456,-114.3525,49.32,31,100,5.99
21,Vaini,TO,2021-05-26 22:14:19,-21.2,-175.2,78.96,73,20,10.36
22,Yashalta,RU,2021-05-26 22:14:20,46.3395,42.2762,62.71,70,99,6.78
23,Kirakira,SB,2021-05-26 22:14:22,-10.4544,161.9205,78.35,72,100,11.88
24,Khatanga,RU,2021-05-26 22:14:23,71.9667,102.5,24.06,96,52,9.93
25,Port Alfred,ZA,2021-05-26 22:14:24,-33.5906,26.891,60.26,78,90,5.35
26,Umm Lajj,SA,2021-05-26 22:14:25,25.0213,37.2685,89.74,32,0,5.95
27,Mar Del Plata,AR,2021-05-26 22:11:57,-38.0023,-57.5575,58.12,49,97,1.99
28,Rikitea,PF,2021-05-26 22:14:28,-23.1203,-134.9692,76.03,72,91,20.31
29,Saskylakh,RU,2021-05-26 22:12:11,71.9167,114.0833,37.0,94,100,10.45
30,Pevek,RU,2021-05-26 22:14:30,69.7008,170.3133,32.14,84,1,1.66
31,Albany,US,2021-05-26 22:14:31,42.6001,-73.9662,72.18,86,64,3.0
32,Ilulissat,GL,2021-05-26 22:14:33,69.2167,-51.1,57.22,35,89,24.16
33,Qaanaaq,GL,2021-05-26 22:14:34,77.484,-69.3632,34.9,78,30,2.95
34,Kulhudhuffushi,MV,2021-05-26 22:14:35,6.6221,73.07,81.36,81,100,25.19
35,Jamestown,US,2021-05-26 22:11:28,42.097,-79.2353,70.09,78,90,5.99
36,Bengkulu,ID,2021-05-26 22:14:38,-3.8004,102.2655,77.52,81,97,4.5
37,Pathein,MM,2021-05-26 22:14:08,16.7833,94.7333,77.92,93,90,3.58
38,Chumikan,RU,2021-05-26 22:14:40,54.7183,135.315,42.01,67,12,5.17
39,Kharsawan,IN,2021-05-26 22:14:42,22.8,85.8333,75.99,93,100,26.19
40,Orange Cove,US,2021-05-26 22:14:44,36.6244,-119.3137,90.68,12,0,8.48
41,Avarua,CK,2021-05-26 22:14:45,-21.2078,-159.775,82.45,78,75,8.05
42,Zhuanghe,CN,2021-05-26 22:14:46,39.7008,122.9911,57.67,83,1,6.96
43,Coihaique,CL,2021-05-26 22:14:48,-45.5752,-72.0662,48.81,76,90,3.44
44,Taltal,CL,2021-05-26 22:14:50,-25.4,-70.4833,67.39,66,99,6.22
45,Hobart,AU,2021-05-26 22:11:29,-42.8794,147.3294,46.26,73,40,1.01
46,Cabo San Lucas,MX,2021-05-26 22:12:39,22.8909,-109.9124,98.82,17,1,8.05
47,Touros,BR,2021-05-26 22:14:53,-5.1989,-35.4608,77.9,77,22,15.46
48,Leningradskiy,RU,2021-05-26 22:14:56,69.3833,178.4167,33.96,84,29,7.11
49,Vyartsilya,RU,2021-05-26 22:14:58,62.1764,30.693,41.86,95,100,9.31
50,Dikson,RU,2021-05-26 22:14:59,73.5069,80.5464,25.92,96,100,13.53
51,New Norfolk,AU,2021-05-26 22:15:01,-42.7826,147.0587,45.91,51,57,7.43
52,Longyearbyen,SJ,2021-05-26 22:15:03,78.2186,15.6401,35.44,75,75,6.91
53,Provideniya,RU,2021-05-26 22:12:15,64.3833,-173.3,44.71,57,0,17.9
54,Pontes E Lacerda,BR,2021-05-26 22:15:08,-15.2261,-59.3353,81.37,56,88,0.43
55,Hilo,US,2021-05-26 22:11:26,19.7297,-155.09,80.33,69,75,8.05
56,Kodiak,US,2021-05-26 22:15:11,57.79,-152.4072,51.31,71,1,5.75
57,Veraval,IN,2021-05-26 22:15:12,20.9,70.3667,83.44,78,100,14.38
58,Kruisfontein,ZA,2021-05-26 22:15:13,-34.0033,24.7314,53.1,83,100,4.21
59,Chokwe,MZ,2021-05-26 22:12:10,-24.5333,32.9833,60.31,56,0,5.7
60,Bluff,NZ,2021-05-26 22:15:16,-46.6,168.3333,44.37,79,94,14.52
61,San Cristobal,VE,2021-05-26 22:15:17,7.7669,-72.225,78.76,51,83,5.3
62,Punta Arenas,CL,2021-05-26 22:15:18,-53.15,-70.9167,33.91,69,20,14.36
63,Arraial Do Cabo,BR,2021-05-26 22:15:20,-22.9661,-42.0278,71.98,77,2,12.82
64,Phangnga,TH,2021-05-26 22:15:21,8.4509,98.5298,84.81,95,100,3.8
65,Kousseri,CM,2021-05-26 22:15:22,12.0769,15.0306,88.02,16,7,8.81
66,Bredasdorp,ZA,2021-05-26 22:15:23,-34.5322,20.0403,51.28,93,100,2.48
67,Cap-Aux-Meules,CA,2021-05-26 22:15:25,47.3821,-61.8597,62.65,72,40,16.11
68,Itoman,JP,2021-05-26 22:13:13,26.1247,127.6694,80.98,89,40,17.27
69,Celestun,MX,2021-05-26 22:15:27,20.8667,-90.4,84.58,71,72,19.19
70,Muros,ES,2021-05-26 22:15:28,42.7762,-9.0603,62.83,70,49,8.84
71,Tres Arroyos,AR,2021-05-26 22:15:30,-38.3739,-60.2798,55.63,61,66,9.31
72,Linqiong,CN,2021-05-26 22:15:31,30.4159,103.4609,66.02,79,99,4.7
73,Moron,AR,2021-05-26 22:15:32,-34.6534,-58.6198,63.99,70,10,9.19
74,La Ronge,CA,2021-05-26 22:15:34,55.1001,-105.2842,48.42,27,1,9.22
75,Ust-Tsilma,RU,2021-05-26 22:15:35,65.441,52.1498,33.08,60,59,3.42
76,Tual,ID,2021-05-26 22:15:36,-5.6667,132.75,81.43,74,100,25.01
77,Tura,IN,2021-05-26 22:15:37,25.5198,90.2201,71.35,90,76,5.79
78,Altea,ES,2021-05-26 22:15:39,38.5989,-0.0514,65.68,73,32,4.21
79,Phan Thiet,VN,2021-05-26 22:15:40,10.9333,108.1,75.81,90,97,2.17
80,Hambantota,LK,2021-05-26 22:15:41,6.1241,81.1185,79.9,79,96,23.26
81,Uddevalla,SE,2021-05-26 22:15:43,58.3478,11.9424,48.45,95,100,1.99
82,Harrisonville,US,2021-05-26 22:15:44,38.6533,-94.3488,87.12,50,1,5.75
83,Ponta Do Sol,PT,2021-05-26 22:15:45,32.6667,-17.1,66.0,76,94,7.34
84,Bilibino,RU,2021-05-26 22:15:47,68.0546,166.4372,47.16,55,100,5.14
85,Guaraniacu,BR,2021-05-26 22:15:48,-25.1008,-52.8781,59.58,56,100,0.96
86,Nizhnevartovsk,RU,2021-05-26 22:15:49,60.9344,76.5531,44.62,100,75,15.66
87,Khartoum,SD,2021-05-26 22:11:28,15.5518,32.5324,94.66,9,45,13.29
88,Kaitangata,NZ,2021-05-26 22:15:52,-46.2817,169.8464,39.06,64,59,4.16
89,Lazaro Cardenas,MX,2021-05-26 22:15:53,17.9583,-102.2,85.5,54,100,12.71
90,Domodossola,IT,2021-05-26 22:15:54,46.1165,8.2931,60.39,70,54,5.06
91,Caravelas,BR,2021-05-26 22:15:55,-17.7125,-39.2481,72.95,93,26,5.7
92,Lasa,IT,2021-05-26 22:15:57,46.6166,10.7002,58.08,95,74,3.49
93,Nikolskoye,RU,2021-05-26 22:15:58,59.7035,30.7861,48.09,97,71,6.82
94,Buchanan,LR,2021-05-26 22:15:59,5.8808,-10.0467,78.76,84,83,6.96
95,Namibe,AO,2021-05-26 22:16:01,-15.1961,12.1522,74.19,72,0,2.3
96,Khanapur,IN,2021-05-26 22:16:02,15.6333,74.5167,70.9,91,100,9.55
97,Hithadhoo,MV,2021-05-26 22:16:03,-0.6,73.0833,83.95,70,100,21.05
98,Chitral,PK,2021-05-26 22:16:05,35.8462,71.7858,64.09,46,2,6.26
99,Huicheng,CN,2021-05-26 22:16:06,23.0385,116.2899,78.75,89,27,5.46
100,Tabuk,PH,2021-05-26 22:16:07,17.4189,121.4443,77.68,82,32,3.04
101,Samarai,PG,2021-05-26 22:16:08,-10.6167,150.6667,80.29,64,92,11.54
102,Lompoc,US,2021-05-26 22:15:11,34.6391,-120.4579,77.02,72,1,13.8
103,Upernavik,GL,2021-05-26 22:16:11,72.7868,-56.1549,33.15,90,100,11.79
104,The Valley,AI,2021-05-26 22:16:12,18.217,-63.0578,81.82,78,75,13.8
105,Tarabuco,BO,2021-05-26 22:16:13,-19.1667,-64.9167,54.88,53,34,3.38
106,Sitka,US,2021-05-26 22:16:15,57.0531,-135.33,51.69,66,75,8.05
107,Puerto Ayora,EC,2021-05-26 22:16:17,-0.7393,-90.3518,84.16,89,40,7.0
108,Eminabad,PK,2021-05-26 22:16:19,32.0422,74.2594,84.09,16,0,5.03
109,Lebu,CL,2021-05-26 22:16:21,-37.6167,-73.65,57.65,93,100,5.97
110,Shelburne,CA,2021-05-26 22:15:05,44.0787,-80.2041,71.67,77,100,15.86
111,Okhotsk,RU,2021-05-26 22:16:23,59.3833,143.3,39.81,85,98,2.44
112,Gizo,SB,2021-05-26 22:16:24,-8.103,156.8419,81.36,82,94,20.69
113,Port Elizabeth,ZA,2021-05-26 22:16:26,-33.918,25.5701,50.29,93,0,3.44
114,Busselton,AU,2021-05-26 22:16:27,-33.65,115.3333,51.04,66,37,14.45
115,Uvira,CD,2021-05-26 22:16:28,-3.4067,29.1458,72.48,82,48,1.01
116,Souillac,MU,2021-05-26 22:16:30,-20.5167,57.5167,72.36,94,40,3.76
117,Chuy,UY,2021-05-26 22:16:31,-33.6971,-53.4616,54.05,79,62,8.75
118,Cayenne,GF,2021-05-26 22:16:32,4.9333,-52.3333,79.09,88,75,3.0
119,Padang,ID,2021-05-26 22:12:59,-0.9492,100.3543,79.07,87,100,5.23
120,Bethel,US,2021-05-26 22:16:35,41.3712,-73.414,86.11,68,1,1.01
121,Bagdarin,RU,2021-05-26 22:12:14,54.4333,113.6,42.15,72,46,2.59
122,Severo-Kurilsk,RU,2021-05-26 22:16:37,50.6789,156.125,38.34,98,100,12.57
123,Ambon,ID,2021-05-26 22:16:38,-3.6954,128.1814,78.94,89,40,12.59
124,Butaritari,KI,2021-05-26 22:16:40,3.0707,172.7902,83.39,79,84,20.0
125,Miles City,US,2021-05-26 22:13:09,46.4083,-105.8406,51.51,94,90,16.11
126,Sao Domingos,BR,2021-05-26 22:16:42,-13.3983,-46.3183,75.88,39,34,4.74
127,Faanui,PF,2021-05-26 22:16:43,-16.4833,-151.75,81.57,70,24,13.24
128,Vardo,NO,2021-05-26 22:16:45,70.3705,31.1107,39.4,73,35,11.25
129,Kenai,US,2021-05-26 22:16:46,60.5544,-151.2583,55.49,71,1,12.66
130,Severo-Yeniseyskiy,RU,2021-05-26 22:16:48,60.3725,93.0408,28.85,82,20,2.98
131,Los Llanos De Aridane,ES,2021-05-26 22:14:05,28.6585,-17.9182,64.15,85,75,15.48
132,Kasongo-Lunda,CD,2021-05-26 22:16:51,-6.4667,16.8167,68.81,55,56,1.48
133,Nantucket,US,2021-05-26 22:15:19,41.2835,-70.0995,67.12,94,90,17.27
134,Mehamn,NO,2021-05-26 22:16:53,71.0357,27.8492,38.07,73,32,6.53
135,Baruun-Urt,MN,2021-05-26 22:16:54,46.6806,113.2792,46.87,70,100,9.35
136,Salisbury,GB,2021-05-26 22:16:56,51.0693,-1.7957,54.37,78,90,3.44
137,Tafresh,IR,2021-05-26 22:16:57,34.692,50.013,60.48,49,5,1.12
138,Girua,BR,2021-05-26 22:16:58,-28.0283,-54.3497,63.09,43,24,1.81
139,Hasaki,JP,2021-05-26 22:17:00,35.7333,140.8333,64.8,77,100,18.97
140,Constancia,MX,2021-05-26 22:17:01,24.2231,-107.1869,100.02,31,79,14.76
141,Barrow,US,2021-05-26 22:17:02,71.2906,-156.7887,33.82,86,90,14.97
142,Bajil,YE,2021-05-26 22:13:16,15.0584,43.2851,89.4,44,50,3.91
143,Iqaluit,CA,2021-05-26 22:17:05,63.7506,-68.5145,31.73,69,75,5.01
144,Todos Santos,MX,2021-05-26 22:17:06,23.45,-110.2167,97.3,68,56,9.28
145,Port Blair,IN,2021-05-26 22:15:21,11.6667,92.75,82.4,81,100,17.09
146,Conakry,GN,2021-05-26 22:17:08,9.538,-13.6773,82.47,78,40,9.22
147,Mookane,BW,2021-05-26 22:17:10,-23.688,26.6595,58.12,38,0,0.38
148,Sioux Lookout,CA,2021-05-26 22:17:11,50.1001,-91.917,43.18,52,75,10.36
149,Bambous Virieux,MU,2021-05-26 22:17:12,-20.3428,57.7575,72.21,94,40,4.59
150,Gejiu,CN,2021-05-26 22:17:14,23.306,103.1635,58.1,95,83,2.13
151,Tuktoyaktuk,CA,2021-05-26 22:17:16,69.4541,-133.0374,30.2,80,75,9.22
152,Lata,PT,2021-05-26 22:17:17,40.1629,-8.3327,63.72,87,69,2.42
153,Matay,EG,2021-05-26 22:16:11,28.419,30.7792,81.54,29,0,17.05
154,Guerrero Negro,MX,2021-05-26 22:17:19,27.9769,-114.0611,73.06,47,57,16.28
155,Pangkalanbuun,ID,2021-05-26 22:17:21,-2.6833,111.6167,74.48,97,13,2.3
156,Saint Anthony,US,2021-05-26 22:17:22,45.0205,-93.218,66.02,41,1,3.0
157,Najran,SA,2021-05-26 22:17:23,17.4924,44.1277,75.85,15,0,3.74
158,Kasama,ZM,2021-05-26 22:17:24,-10.2129,31.1808,50.72,83,0,3.83
159,Sao Joao Da Barra,BR,2021-05-26 22:16:43,-21.6403,-41.0511,72.28,83,61,10.47
160,Alyangula,AU,2021-05-26 22:17:27,-13.8483,136.4192,76.12,71,39,11.83
161,Dongsheng,CN,2021-05-26 22:17:28,39.8161,109.9776,56.12,25,24,22.55
162,Cleveland,US,2021-05-26 22:16:20,41.4995,-81.6954,74.75,77,1,9.22
163,Ayan,RU,2021-05-26 22:17:30,56.45,138.1667,41.38,70,74,6.2
164,Saldanha,ZA,2021-05-26 22:17:32,-33.0117,17.9442,58.23,83,100,6.6
165,Castro,BR,2021-05-26 22:17:33,-24.7911,-50.0119,56.95,65,87,0.96
166,San Quintin,MX,2021-05-26 22:17:34,30.4833,-115.95,67.71,66,99,14.67
167,Denpasar,ID,2021-05-26 22:17:36,-8.65,115.2167,76.66,94,20,5.53
168,Airai,TL,2021-05-26 22:17:37,-8.9266,125.4092,55.74,90,50,4.23
169,Port Shepstone,ZA,2021-05-26 22:17:38,-30.7414,30.455,65.07,84,73,5.59
170,Komsomolskiy,UZ,2021-05-26 22:17:40,40.4272,71.7189,69.22,43,82,4.68
171,Banda Aceh,ID,2021-05-26 22:17:41,5.5577,95.3222,78.57,85,100,11.03
172,Saint-Joseph,RE,2021-05-26 22:17:43,-21.3667,55.6167,68.38,83,18,0.72
173,Hervey Bay,AU,2021-05-26 22:17:44,-25.2986,152.8535,64.51,89,3,8.75
174,Geraldton,AU,2021-05-26 22:17:46,-28.7667,114.6,54.01,54,48,13.42
175,Traverse City,US,2021-05-26 22:17:47,44.7631,-85.6206,55.83,62,75,13.8
176,Benghazi,LY,2021-05-26 22:17:48,32.1167,20.0667,71.58,66,12,11.61
177,West Bay,KY,2021-05-26 22:17:50,19.3667,-81.4167,86.07,79,40,3.0
178,Madang,PG,2021-05-26 22:17:52,-5.2246,145.7966,77.9,90,84,5.84
179,Andenes,NO,2021-05-26 22:17:53,69.3143,16.1194,40.98,81,20,19.57
180,Esperance,AU,2021-05-26 22:17:55,-33.8667,121.9,55.72,66,100,15.5
181,Puri,IN,2021-05-26 22:17:56,19.8,85.85,81.37,72,100,21.03
182,Oruro,BO,2021-05-26 22:17:57,-17.9833,-67.15,50.31,47,91,6.29
183,Varadero,CU,2021-05-26 22:14:57,23.1536,-81.2514,83.16,70,10,19.69
184,Acajutla,SV,2021-05-26 22:18:00,13.5928,-89.8275,102.54,65,95,7.05
185,Ancud,CL,2021-05-26 22:18:01,-41.8697,-73.8203,56.73,96,100,18.12
186,Lorengau,PG,2021-05-26 22:18:02,-2.0226,147.2712,80.29,85,94,7.72
187,Uribia,CO,2021-05-26 22:18:04,11.7139,-72.266,89.49,47,100,20.33
188,Libreville,GA,2021-05-26 22:18:05,0.3925,9.4537,82.42,89,75,2.3
189,Hami,CN,2021-05-26 22:18:06,42.8,93.45,75.11,14,0,10.83
190,Port-Gentil,GA,2021-05-26 22:18:08,-0.7193,8.7815,79.61,86,100,13.56
191,Nizwa,OM,2021-05-26 22:18:10,22.9333,57.5333,89.96,16,0,1.66
192,Vao,NC,2021-05-26 22:18:11,-22.6667,167.4833,71.94,69,8,9.91
193,Celendin,PE,2021-05-26 22:18:12,-6.8703,-78.1517,70.32,63,41,5.1
194,Roald,NO,2021-05-26 22:18:15,62.5833,6.1333,55.45,93,1,20.71
195,Lavrentiya,RU,2021-05-26 22:18:16,65.5833,-171.0,37.17,74,3,13.02
196,Boa Vista,BR,2021-05-26 22:18:17,2.8197,-60.6733,76.98,88,75,3.44
197,Vestmannaeyjar,IS,2021-05-26 22:18:19,63.4427,-20.2734,45.41,84,60,26.46
198,Arkhara,RU,2021-05-26 22:18:20,49.4212,130.0842,47.64,84,34,12.15
199,Chapais,CA,2021-05-26 22:18:22,49.7834,-74.8492,53.38,83,95,17.85
200,Mount Gambier,AU,2021-05-26 22:18:23,-37.8333,140.7667,52.99,86,83,9.13
201,Flin Flon,CA,2021-05-26 22:15:06,54.7682,-101.865,44.44,33,20,2.86
202,Xuddur,SO,2021-05-26 22:18:26,4.1213,43.8894,70.27,84,83,15.17
203,Tuatapere,NZ,2021-05-26 22:18:27,-46.1333,167.6833,45.27,82,100,8.46
204,Ada,US,2021-05-26 22:18:28,43.4166,-116.1262,70.29,38,1,4.0
205,Nanortalik,GL,2021-05-26 22:18:30,60.1432,-45.2371,35.89,96,100,5.93
206,Sao Filipe,CV,2021-05-26 22:18:31,14.8961,-24.4956,74.64,75,0,11.68
207,Lakes Entrance,AU,2021-05-26 22:18:32,-37.8811,147.981,51.19,69,74,18.1
208,Fort Frances,CA,2021-05-26 22:16:37,48.5999,-93.4003,53.17,43,20,4.61
209,Iralaya,HN,2021-05-26 22:18:36,15.0,-83.2333,83.23,73,78,13.87
210,Klaksvik,FO,2021-05-26 22:18:37,62.2266,-6.589,41.92,76,100,17.74
211,Cidreira,BR,2021-05-26 22:18:38,-30.1811,-50.2056,59.88,68,0,4.65
212,Dromolaxia,CY,2021-05-26 22:18:41,34.8761,33.586,72.64,73,0,0.0
213,Port Macquarie,AU,2021-05-26 22:18:42,-31.4333,152.9167,56.89,64,0,10.96
214,Harper,LR,2021-05-26 22:18:43,4.375,-7.7169,80.08,84,56,6.93
215,Barras,BR,2021-05-26 22:18:45,-4.2444,-42.2944,77.81,64,7,3.6
216,Yenagoa,NG,2021-05-26 22:18:46,4.9247,6.2642,77.16,94,100,3.31
217,Nome,US,2021-05-26 22:18:47,64.5011,-165.4064,66.27,21,1,12.66
218,Paita,PE,2021-05-26 22:18:48,-5.0892,-81.1144,73.96,82,26,16.04
219,Tymovskoye,RU,2021-05-26 22:18:50,50.8456,142.655,44.56,68,99,2.28
220,Chokurdakh,RU,2021-05-26 22:18:51,70.6333,147.9167,38.71,74,69,8.97
221,Porto Walter,BR,2021-05-26 22:18:52,-8.2686,-72.7439,80.87,75,100,1.5
222,Vicuna,CL,2021-05-26 22:18:54,-30.0319,-70.7081,46.13,18,0,1.43
223,Ixtapa,MX,2021-05-26 22:18:55,20.7,-105.2,83.43,70,1,16.11
224,Naze,JP,2021-05-26 22:18:56,28.3667,129.4833,76.12,89,86,23.17
225,Vertientes,CU,2021-05-26 22:18:57,21.2594,-78.1464,84.81,61,81,14.41
226,Dhidhdhoo,MV,2021-05-26 22:18:59,6.8833,73.1,81.75,80,100,26.53
227,Omboue,GA,2021-05-26 22:19:00,-1.5746,9.2618,77.2,91,100,7.18
228,Victoria,HK,2021-05-26 22:16:36,22.2855,114.1577,84.38,85,75,1.99
229,Selishche,RU,2021-05-26 22:19:02,56.8879,33.2691,44.65,96,26,4.43
230,Okha,RU,2021-05-26 22:19:04,53.5739,142.9478,39.38,69,31,5.61
231,Tabou,CI,2021-05-26 22:19:05,4.423,-7.3528,79.93,83,82,6.69
232,Norman Wells,CA,2021-05-26 22:19:06,65.282,-126.8329,57.24,41,75,19.57
233,Matai,TZ,2021-05-26 22:19:08,-8.3,31.5167,51.69,93,0,4.56
234,Ribeira Grande,PT,2021-05-26 22:19:09,38.5167,-28.7,59.95,69,92,16.82
235,Sungairaya,ID,2021-05-26 22:19:10,0.7,108.9,77.25,90,100,6.62
236,Akyab,MM,2021-05-26 22:19:11,20.15,92.9,83.25,80,69,17.54
237,Sungaipenuh,ID,2021-05-26 22:19:13,-2.0833,101.3833,65.26,96,84,4.5
238,Strezhevoy,RU,2021-05-26 22:19:15,60.7333,77.5889,44.58,96,100,8.23
239,East London,ZA,2021-05-26 22:19:16,-33.0153,27.9116,65.14,78,94,6.58
240,Adamas,GR,2021-05-26 22:19:18,36.7333,24.4333,67.42,73,0,0.74
241,Bilma,NE,2021-05-26 22:19:19,18.6853,12.9164,87.78,6,0,4.5
242,Kaduqli,SD,2021-05-26 22:19:20,11.0167,29.7167,91.81,32,98,8.63
243,Sawtell,AU,2021-05-26 22:19:22,-30.3833,153.1,59.02,63,6,11.5
244,Tasiilaq,GL,2021-05-26 22:19:23,65.6145,-37.6368,39.36,89,100,31.94
245,Dwarahat,IN,2021-05-26 22:19:25,29.7833,79.4333,63.52,58,1,3.89
246,Vila Franca Do Campo,PT,2021-05-26 22:19:27,37.7167,-25.4333,61.21,84,91,10.85
247,Chara,RU,2021-05-26 22:19:29,56.9064,118.2631,42.12,93,100,2.95
248,Mendoza,AR,2021-05-26 22:17:06,-32.8908,-68.8272,60.33,48,0,0.0
249,Atar,MR,2021-05-26 22:19:32,20.5169,-13.0499,89.19,15,0,7.25
250,Makat,KZ,2021-05-26 22:19:35,47.6469,53.3463,76.19,53,89,17.13
251,Canico,PT,2021-05-26 22:19:36,32.6333,-16.85,66.0,83,20,10.02
252,Dingle,PH,2021-05-26 22:19:37,10.9995,122.6711,78.28,87,25,3.94
253,Kanniyakumari,IN,2021-05-26 22:19:38,8.0833,77.5667,79.45,84,100,25.12
254,Pisco,PE,2021-05-26 22:19:40,-13.7,-76.2167,66.25,82,20,13.8
255,Urengoy,RU,2021-05-26 22:19:41,65.9667,78.3667,31.8,70,95,11.39
256,Husavik,IS,2021-05-26 22:19:42,66.0449,-17.3389,53.51,71,94,4.14
257,Iracoubo,GF,2021-05-26 22:19:44,5.4802,-53.2011,77.59,90,95,9.57
258,Cowra,AU,2021-05-26 22:19:45,-33.8333,148.6833,47.26,81,0,1.23
259,Huarmey,PE,2021-05-26 22:19:46,-10.0681,-78.1522,69.93,82,18,8.99
260,Filingue,NE,2021-05-26 22:19:48,14.3521,3.3168,96.15,15,38,8.72
261,Sobolevo,RU,2021-05-26 22:19:50,54.4299,31.8996,48.74,85,3,3.18
262,Kutum,SD,2021-05-26 22:19:51,14.2,24.6667,75.27,48,94,6.69
263,Kayankulam,IN,2021-05-26 22:19:52,9.1833,76.5,78.66,86,100,12.46
264,Camacari,BR,2021-05-26 22:19:54,-12.6975,-38.3242,78.57,88,16,5.48
265,Port Hardy,CA,2021-05-26 22:19:56,50.6996,-127.4199,51.98,66,90,23.02
266,Waingapu,ID,2021-05-26 22:19:57,-9.6567,120.2641,78.3,87,54,13.62
267,Porto Novo,BJ,2021-05-26 22:20:00,6.4965,2.6036,84.02,81,100,10.33
268,Dunmore Town,BS,2021-05-26 22:20:01,25.5,-76.65,76.46,70,6,10.78
269,Abapo,BO,2021-05-26 22:20:02,-18.8333,-63.4667,72.1,56,85,2.62
270,Yantal,RU,2021-05-26 22:20:04,56.8471,105.2542,31.32,85,13,5.7
271,Nandyal,IN,2021-05-26 22:20:05,15.4833,78.4833,82.76,57,99,10.49
272,Killybegs,IE,2021-05-26 22:20:06,54.6333,-8.45,42.46,85,5,1.74
273,Kununurra,AU,2021-05-26 22:20:08,-15.7667,128.7333,76.98,50,65,12.66
274,Maniitsoq,GL,2021-05-26 22:20:09,65.4167,-52.9,46.17,62,100,18.07
275,Olinda,BR,2021-05-26 22:20:10,-8.0089,-34.8553,76.73,73,40,13.44
276,Kemijarvi,FI,2021-05-26 22:20:12,66.7131,27.4306,37.99,80,64,5.95
277,Sabang,ID,2021-05-26 22:20:13,5.8933,95.3214,81.79,77,99,19.35
278,Cockburn Town,TC,2021-05-26 22:20:14,21.4612,-71.1419,79.12,78,4,16.87
279,Beringovskiy,RU,2021-05-26 22:20:15,63.05,179.3167,33.67,88,99,14.5
280,Soyo,AO,2021-05-26 22:20:17,-6.1349,12.3689,77.61,89,16,8.46
281,Kalispell,US,2021-05-26 22:20:18,48.1958,-114.3129,61.29,74,75,1.99
282,Inongo,CD,2021-05-26 22:20:19,-1.95,18.2667,73.15,69,99,5.08
283,Pangody,RU,2021-05-26 22:20:21,65.85,74.4859,36.1,61,87,10.11
284,Atambua,ID,2021-05-26 22:20:22,-9.1061,124.8925,70.39,85,71,6.64
285,Quatre Cocos,MU,2021-05-26 22:20:23,-20.2078,57.7625,72.09,89,12,5.93
286,Apatity,RU,2021-05-26 22:20:24,67.5641,33.4031,36.57,81,75,3.89
287,Tiksi,RU,2021-05-26 22:20:26,71.6872,128.8694,34.07,94,63,2.3
288,Tingo Maria,PE,2021-05-26 22:20:27,-9.2895,-76.0088,78.12,79,35,1.99
289,Portland,US,2021-05-26 22:18:42,45.5234,-122.6762,74.62,46,75,1.01
290,Sao Mateus Do Sul,BR,2021-05-26 22:20:29,-25.8742,-50.3828,54.16,76,98,2.73
291,Kesinga,IN,2021-05-26 22:20:33,20.2,83.2333,80.96,66,100,5.48
292,Wloclawek,PL,2021-05-26 22:20:34,52.6482,19.0678,46.33,94,98,12.01
293,Senneterre,CA,2021-05-26 22:20:36,48.3835,-77.2328,57.42,61,80,16.33
294,Raymondville,US,2021-05-26 22:20:37,26.4815,-97.7831,92.37,60,90,17.09
295,Westport,US,2021-05-26 22:15:56,41.1415,-73.3579,88.61,78,1,3.0
296,Carmelo,UY,2021-05-26 22:20:39,-33.9892,-58.2856,62.55,85,34,8.16
297,Constitucion,CL,2021-05-26 22:20:41,-35.3333,-72.4167,58.64,85,59,10.16
298,Henderson,US,2021-05-26 22:20:42,36.0397,-114.9819,95.74,8,1,3.0
299,Turukhansk,RU,2021-05-26 22:20:43,65.8167,87.9833,28.2,79,88,6.51
300,Fortuna,US,2021-05-26 22:20:44,40.5982,-124.1573,80.19,65,75,4.0
301,Anloga,GH,2021-05-26 22:20:46,5.7947,0.8973,82.45,83,21,11.9
302,Taloqan,AF,2021-05-26 22:20:47,36.7361,69.5345,71.13,28,0,7.38
303,Fukue,JP,2021-05-26 22:20:48,32.6881,128.8419,64.18,94,100,18.32
304,Poya,NC,2021-05-26 22:20:50,-21.35,165.15,70.41,56,3,2.39
305,Broome,US,2021-05-26 22:20:51,42.2506,-75.833,78.62,81,90,3.0
306,Saurimo,AO,2021-05-26 22:20:52,-9.6608,20.3916,59.07,55,0,4.94
307,Sabha,LY,2021-05-26 22:20:53,27.0377,14.4283,88.63,11,0,11.95
308,Upata,VE,2021-05-26 22:20:56,8.0086,-62.3989,73.71,88,100,4.07
309,Gualeguaychu,AR,2021-05-26 22:20:59,-33.0094,-58.5172,60.04,72,54,8.05
310,Hofn,IS,2021-05-26 22:21:01,64.2539,-15.2082,43.39,82,81,5.82
311,Brae,GB,2021-05-26 22:21:02,60.3964,-1.353,48.11,87,100,16.78
312,Dunedin,NZ,2021-05-26 22:21:03,-45.8742,170.5036,44.89,45,28,4.61
313,Samfya,ZM,2021-05-26 22:21:05,-11.3649,29.5565,54.99,67,0,7.85
314,Cap Malheureux,MU,2021-05-26 22:21:06,-19.9842,57.6142,72.46,80,4,3.0
315,Black River,JM,2021-05-26 22:21:08,18.0264,-77.8487,84.97,79,94,4.07
316,Zambezi,ZM,2021-05-26 22:21:10,-13.5432,23.1047,54.66,53,0,5.48
317,Tuyen Quang,VN,2021-05-26 22:21:11,21.8233,105.2181,76.46,98,48,2.13
318,Mezen,RU,2021-05-26 22:21:12,65.8522,44.24,29.32,77,10,4.03
319,Port Hawkesbury,CA,2021-05-26 22:21:13,45.6169,-61.3485,76.95,63,1,8.05
320,Clyde River,CA,2021-05-26 22:21:15,70.4692,-68.5914,30.43,86,21,14.97
321,Erzin,TR,2021-05-26 22:21:16,36.9559,36.2,74.12,59,0,2.28
322,San Vicente,AR,2021-05-26 22:21:17,-26.6167,-54.1333,57.78,60,71,1.32
323,Eganville,CA,2021-05-26 22:21:19,45.5334,-77.0994,72.73,56,94,14.34
324,Shingu,JP,2021-05-26 22:21:20,33.7333,135.9833,60.91,97,100,10.49
325,Navan,IE,2021-05-26 22:21:21,53.6528,-6.6814,51.73,91,9,5.06
326,Samarkand,UZ,2021-05-26 22:21:23,39.6542,66.9597,74.62,25,57,9.22
327,Honiara,SB,2021-05-26 22:21:24,-9.4333,159.95,80.85,74,97,3.94
328,Cedar City,US,2021-05-26 22:21:25,37.6775,-113.0619,76.39,10,1,20.71
329,Shuyskoye,RU,2021-05-26 22:21:26,59.3736,41.0305,47.05,76,100,9.91
330,Thompson,CA,2021-05-26 22:21:28,55.7435,-97.8558,41.16,42,20,11.5
331,Benguela,AO,2021-05-26 22:21:29,-12.5763,13.4055,75.24,71,2,3.94
332,Bontang,ID,2021-05-26 22:21:30,0.1333,117.5,77.56,89,27,3.24
333,Polunochnoye,RU,2021-05-26 22:21:32,60.8697,60.4153,39.02,84,98,6.98
334,Hurghada,EG,2021-05-26 22:21:33,27.2574,33.8129,82.49,32,0,7.16
335,Isangel,VU,2021-05-26 22:21:34,-19.55,169.2667,71.71,88,75,7.43
336,Lichinga,MZ,2021-05-26 22:20:09,-13.3128,35.2406,51.89,87,0,6.91
337,Marzuq,YE,2021-05-26 22:21:38,14.4,46.4667,76.05,61,7,4.21
338,Chemainus,CA,2021-05-26 22:21:40,48.9163,-123.7194,60.67,66,90,9.6
339,Wagar,SD,2021-05-26 22:21:41,16.1525,36.2032,97.39,21,68,6.73
340,Beloha,MG,2021-05-26 22:21:42,-25.1667,45.05,63.43,95,1,4.81
341,Mercedes,AR,2021-05-26 22:21:45,-34.6515,-59.4307,60.85,82,24,8.55
342,Alto Araguaia,BR,2021-05-26 22:21:46,-17.3147,-53.2153,73.74,62,1,3.56
343,Aguimes,ES,2021-05-26 22:21:48,27.9054,-15.4461,65.03,64,75,18.41
344,Gold Coast,AU,2021-05-26 22:20:29,-28.0,153.4333,68.18,77,11,5.01
345,Tomra,NO,2021-05-26 22:21:52,62.5833,6.9333,55.29,66,13,5.53
346,Kushima,JP,2021-05-26 22:21:53,31.4583,131.2333,78.31,93,100,15.86
347,Blairmore,CA,2021-05-26 22:21:54,49.6,-114.4353,60.98,56,87,5.79
348,Wukari,NG,2021-05-26 22:21:56,7.85,9.7833,77.22,84,75,3.65
349,Jiwani,PK,2021-05-26 22:21:57,25.05,61.7417,87.35,78,7,20.74
350,Bria,CF,2021-05-26 22:21:58,6.5423,21.9863,69.51,96,100,2.93
351,Asau,RO,2021-05-26 22:22:00,46.4333,26.4,57.4,96,85,1.57
352,Kyabe,TD,2021-05-26 22:22:01,9.4515,18.9449,82.09,47,45,4.72
353,Tucuman,AR,2021-05-26 22:20:13,-26.8241,-65.2226,64.4,63,6,2.24
354,Nara,JP,2021-05-26 22:20:03,34.6851,135.8049,58.91,83,100,8.9
355,Kysyl-Syr,RU,2021-05-26 22:22:04,63.8986,122.7617,56.71,61,100,3.74
356,Kiunga,PG,2021-05-26 22:22:07,-6.1219,141.2906,73.6,98,99,1.12
357,Anadyr,RU,2021-05-26 22:22:08,64.75,177.4833,52.3,37,0,25.99
358,Yar-Sale,RU,2021-05-26 22:22:09,66.8333,70.8333,30.25,71,4,8.1
359,Pozo Colorado,PY,2021-05-26 22:22:10,-23.4923,-58.7972,73.02,42,93,4.63
360,Taoudenni,ML,2021-05-26 22:22:12,22.6783,-3.9836,96.39,20,100,15.99
361,Bobo Dioulasso,BF,2021-05-26 22:22:13,11.1771,-4.2979,86.45,66,0,5.75
362,Nikki,BJ,2021-05-26 22:22:14,9.9401,3.2108,83.98,40,49,4.36
363,Iskilip,TR,2021-05-26 22:22:16,40.7353,34.4739,56.84,69,7,5.97
364,Dondo,MZ,2021-05-26 22:22:17,-19.6094,34.7431,61.34,88,0,3.8
365,Aurillac,FR,2021-05-26 22:22:18,44.9167,2.45,46.65,89,0,2.3
366,Cooma,AU,2021-05-26 22:22:20,-36.2333,149.1333,35.85,83,9,3.13
367,Karratha,AU,2021-05-26 22:22:21,-20.7377,116.8463,70.63,58,11,14.94
368,Pontianak,ID,2021-05-26 22:22:22,-0.0333,109.3333,75.18,100,76,2.8
369,Vytegra,RU,2021-05-26 22:22:24,61.0064,36.4481,43.93,93,100,9.89
370,Leeton,AU,2021-05-26 22:22:25,-34.5667,146.4,44.62,78,4,4.88
371,Kavaratti,IN,2021-05-26 22:22:26,10.5669,72.642,83.23,74,100,16.55
372,West Lafayette,US,2021-05-26 22:22:27,40.4259,-86.9081,84.58,43,58,8.01
373,Sunland Park,US,2021-05-26 22:22:29,31.7965,-106.58,93.65,17,1,4.0
374,Port Lincoln,AU,2021-05-26 22:22:30,-34.7333,135.8667,55.9,77,7,4.18
375,Scarborough,GB,2021-05-26 22:22:31,54.2797,-0.4044,49.57,89,57,1.01
376,Raudeberg,NO,2021-05-26 22:22:33,61.9875,5.1352,57.87,74,8,14.67
377,Richards Bay,ZA,2021-05-26 22:22:34,-28.783,32.0377,63.97,94,11,4.0
378,Bonao,DO,2021-05-26 22:22:35,18.9369,-70.4092,84.18,90,57,2.93
379,Saint George,US,2021-05-26 22:21:53,37.1041,-113.5841,91.87,10,1,4.0
380,Saint-Junien,FR,2021-05-26 22:22:39,45.8833,0.9,52.38,98,52,1.74
381,Faya,SA,2021-05-26 22:22:40,18.3851,42.4509,68.52,39,1,1.77
382,Curuca,BR,2021-05-26 22:22:41,-0.7289,-47.8481,76.3,94,75,5.44
383,Williston,US,2021-05-26 22:22:43,48.147,-103.618,52.54,58,100,3.0
384,Bhaktapur,NP,2021-05-26 22:22:44,27.6833,85.4167,66.34,100,75,3.44
385,Berlevag,NO,2021-05-26 22:22:45,70.8578,29.0864,38.28,78,33,8.63
386,Cherskiy,RU,2021-05-26 22:22:46,68.75,161.3,56.73,36,53,6.51
387,Fairbanks,US,2021-05-26 22:20:03,64.8378,-147.7164,64.74,30,75,0.0
388,Dongying,CN,2021-05-26 22:22:49,37.4564,118.4856,64.31,59,0,7.61
389,Roebourne,AU,2021-05-26 22:22:50,-20.7833,117.1333,70.57,58,27,14.7
390,Pacific Grove,US,2021-05-26 22:21:31,36.6177,-121.9166,84.15,78,40,3.0
391,Atasu,KZ,2021-05-26 22:22:52,48.6814,71.6433,69.48,31,7,9.35
392,Hun,LY,2021-05-26 22:22:54,29.1268,15.9477,80.15,26,0,7.02
393,Srednekolymsk,RU,2021-05-26 22:22:55,67.45,153.6833,55.18,46,90,13.22
394,Kaliua,TZ,2021-05-26 22:22:56,-5.0606,31.7936,67.95,68,46,4.32
395,Khandyga,RU,2021-05-26 22:22:58,62.6667,135.6,52.74,64,46,1.23
396,Seoul,KR,2021-05-26 22:23:01,37.5683,126.9778,60.4,83,90,6.64
397,Paka,MY,2021-05-26 22:23:02,4.6374,103.4368,78.73,94,100,2.73
398,Hornepayne,CA,2021-05-26 22:23:04,49.2138,-84.7705,46.17,38,90,14.97
399,Leonidovo,RU,2021-05-26 22:23:05,49.2833,142.8667,44.6,78,89,2.68
400,Show Low,US,2021-05-26 22:23:06,34.2542,-110.0298,76.71,12,1,13.8
401,Mayumba,GA,2021-05-26 22:23:08,-3.432,10.6554,77.61,92,67,4.36
402,Hangu,CN,2021-05-26 22:23:09,39.2489,117.7892,64.44,59,26,8.16
403,Watrous,CA,2021-05-26 22:23:10,51.6668,-105.4679,51.58,46,17,10.36
404,Saint-Jean-De-La-Ruelle,FR,2021-05-26 22:23:12,47.9113,1.8648,51.96,100,90,3.0
405,College,US,2021-05-26 22:23:13,64.8569,-147.8028,65.86,31,75,1.01
406,Bambanglipuro,ID,2021-05-26 22:23:14,-7.95,110.2833,76.1,87,98,5.82
407,Sao Miguel Do Araguaia,BR,2021-05-26 22:23:15,-13.275,-50.1628,80.94,41,45,3.38
408,Majene,ID,2021-05-26 22:23:17,-3.5403,118.9707,78.12,90,89,7.31
409,Koszalin,PL,2021-05-26 22:23:18,54.1944,16.1722,49.68,96,79,10.89
410,Eldorado,BR,2021-05-26 22:23:19,-23.7869,-54.2836,69.71,49,92,7.18
411,Opuwo,NA,2021-05-26 22:23:22,-18.0607,13.84,61.88,36,0,6.51
412,Acapulco,MX,2021-05-26 22:23:23,16.8634,-99.8901,89.42,51,75,11.61
413,Basco,PH,2021-05-26 22:23:24,20.4487,121.9702,85.05,75,9,12.17
414,Vysokogornyy,RU,2021-05-26 22:23:26,50.1167,139.15,37.81,87,100,2.46
415,Havre-Saint-Pierre,CA,2021-05-26 22:19:50,50.2334,-63.5986,46.76,100,90,11.5
416,Narsaq,GL,2021-05-26 22:23:28,60.9167,-46.05,35.82,99,100,0.69
417,Ternate,ID,2021-05-26 22:23:29,0.8,127.4,81.28,80,31,4.88
418,Pitanga,BR,2021-05-26 22:23:32,-24.7572,-51.7614,59.97,63,100,0.49
419,Vilyuysk,RU,2021-05-26 22:23:33,63.7553,121.6247,54.43,64,99,4.65
420,Dve Mogili,BG,2021-05-26 22:23:34,43.6,25.8667,67.15,90,100,3.96
421,Kerrville,US,2021-05-26 22:23:08,30.0474,-99.1403,87.66,62,40,9.22
422,Zhigansk,RU,2021-05-26 22:23:37,66.7697,123.3711,50.5,77,100,7.29
423,Baykit,RU,2021-05-26 22:23:38,61.67,96.37,32.54,90,47,0.69
424,Yulara,AU,2021-05-26 22:20:00,-25.2406,130.9889,44.44,76,1,8.05
425,Santo Antonio Do Ica,BR,2021-05-26 22:23:41,-3.1022,-67.9397,78.49,88,79,1.66
426,Mehran,IR,2021-05-26 22:23:42,33.1222,46.1646,74.68,18,0,4.52
427,Port Alberni,CA,2021-05-26 22:23:44,49.2413,-124.8028,56.28,80,100,1.99
428,Formosa,AR,2021-05-26 22:23:47,-26.1775,-58.1781,64.38,82,0,3.44
429,Palembang,ID,2021-05-26 22:23:48,-2.9167,104.7458,78.89,94,20,2.3
430,Codrington,AU,2021-05-26 22:23:50,-38.2667,141.9667,53.82,82,70,14.34
431,Tepechitlan,MX,2021-05-26 22:23:51,21.6667,-103.3333,85.28,24,78,8.7
432,Rio Gallegos,AR,2021-05-26 22:21:29,-51.6226,-69.2181,33.85,75,20,3.44
433,Anito,PH,2021-05-26 22:23:53,12.4497,125.2886,79.57,87,53,6.22
434,Hearst,CA,2021-05-26 22:23:55,49.6835,-83.6665,37.65,49,99,14.05
435,Avera,US,2021-05-26 22:23:56,33.194,-82.5271,93.07,34,35,11.68
436,Bathsheba,BB,2021-05-26 22:23:57,13.2167,-59.5167,81.21,69,40,17.02
437,Neiafu,TO,2021-05-26 22:23:58,-18.65,-173.9833,74.08,83,75,3.44
438,Ishigaki,JP,2021-05-26 22:24:00,24.3448,124.1572,84.33,84,40,13.8
439,Kloulklubed,PW,2021-05-26 22:24:01,7.0419,134.2556,77.5,75,88,9.93
440,Faro,PT,2021-05-26 22:23:37,37.0194,-7.9322,64.18,88,0,1.14
441,Pokrovsk,UA,2021-05-26 22:24:04,48.282,37.1758,60.96,70,94,3.36
442,Luderitz,NA,2021-05-26 22:23:11,-26.6481,15.1594,63.61,67,59,4.14
443,Bushehr,IR,2021-05-26 22:24:06,28.9684,50.8385,83.55,57,0,5.97
444,Bara,NG,2021-05-26 22:24:07,10.3744,10.7288,87.76,47,32,13.8
445,Freeport,US,2021-05-26 22:20:18,40.6576,-73.5832,91.38,79,1,10.0
446,Gairo,IT,2021-05-26 22:24:10,39.8497,9.5047,54.61,65,6,4.0
447,Leshukonskoye,RU,2021-05-26 22:24:11,64.8989,45.7622,30.38,77,8,3.83
448,Padilla,CO,2021-05-26 22:24:12,3.2204,-76.3139,81.97,79,97,1.3
449,Amahai,ID,2021-05-26 22:24:14,-3.3333,128.9167,78.4,86,90,4.61
450,Kavieng,PG,2021-05-26 22:24:15,-2.5744,150.7967,80.19,84,100,7.0
451,Olafsvik,IS,2021-05-26 22:24:16,64.8945,-23.7142,46.92,85,63,7.92
452,Corum,TR,2021-05-26 22:24:17,40.5,34.75,50.95,61,2,4.32
453,Ostrovnoy,RU,2021-05-26 22:21:10,68.0531,39.5131,35.08,72,29,2.62
454,Bojnurd,IR,2021-05-26 22:24:20,37.4747,57.329,62.55,77,75,4.61
455,Chandauli,IN,2021-05-26 22:24:22,25.2667,83.2667,76.89,87,100,14.52
456,Goure,NE,2021-05-26 22:24:24,13.9835,10.2704,82.17,10,8,0.72
457,Hokitika,NZ,2021-05-26 22:24:25,-42.7167,170.9667,46.8,70,61,4.74
458,Knysna,ZA,2021-05-26 22:24:26,-34.0363,23.0471,52.18,72,100,4.61
459,Novyy Oskol,RU,2021-05-26 22:24:27,50.7631,37.8691,59.02,69,35,3.91
460,Dvinskoy,RU,2021-05-26 22:24:29,62.1535,45.1175,36.07,69,92,0.98
461,Bako,ET,2021-05-26 22:24:30,5.7833,36.5667,65.68,72,61,5.82
462,Russell,US,2021-05-26 22:24:31,32.3502,-85.1999,89.2,42,20,9.08
463,Kumluca,TR,2021-05-26 22:24:33,36.3703,30.2869,74.44,61,2,3.09
464,Kahului,US,2021-05-26 22:24:34,20.8947,-156.47,87.82,60,20,17.27
465,Tilichiki,RU,2021-05-26 22:24:35,60.4667,166.1,34.68,99,100,5.39
466,Kachug,RU,2021-05-26 22:24:37,53.9606,105.8817,39.38,80,38,3.11
467,Mineiros,BR,2021-05-26 22:24:38,-17.5694,-52.5511,72.81,61,20,2.3
468,Coahuayana,MX,2021-05-26 22:23:15,18.7333,-103.6833,94.48,50,100,7.99
469,Kusa,RU,2021-05-26 22:24:40,55.3383,59.4406,44.91,86,0,2.04
470,Halifax,CA,2021-05-26 22:22:02,44.6453,-63.5724,67.89,78,75,5.99
471,Aklavik,CA,2021-05-26 22:24:43,68.2191,-135.0107,36.32,55,90,10.36
472,Hailey,US,2021-05-26 22:24:44,43.5196,-114.3153,62.46,46,40,6.91
473,Akdepe,TM,2021-05-26 22:24:45,42.0551,59.3788,82.49,29,95,15.1
474,Casalmaggiore,IT,2021-05-26 22:24:47,44.9939,10.4189,63.54,80,36,4.41
475,Linares,CL,2021-05-26 22:24:48,-35.85,-71.6,57.09,83,29,5.61
476,Carutapera,BR,2021-05-26 22:24:50,-1.195,-46.02,76.96,91,34,6.42
477,Zdvinsk,RU,2021-05-26 22:24:51,54.7021,78.661,65.3,67,95,13.0
478,Daoukro,CI,2021-05-26 22:24:52,7.0591,-3.9631,74.84,97,96,2.04
479,Havelock,US,2021-05-26 22:24:54,34.8791,-76.9013,86.99,78,94,10.0
480,Lagoa,PT,2021-05-26 22:24:56,39.05,-27.9833,59.34,69,39,18.21
481,Mayo,US,2021-05-26 22:24:57,38.8876,-76.5119,85.98,80,20,2.89
482,Ust-Omchug,RU,2021-05-26 22:24:58,61.15,149.6333,38.32,83,100,4.68
483,Diamantino,BR,2021-05-26 22:25:00,-14.4086,-56.4461,80.13,61,59,3.36
484,Camacupa,AO,2021-05-26 22:25:01,-12.0167,17.4833,55.13,55,0,4.72
485,Thanh Hoa,VN,2021-05-26 22:24:40,19.8,105.7667,78.28,95,44,1.32
486,Canon City,US,2021-05-26 22:24:49,38.441,-105.2424,80.13,48,1,5.01
487,Ouallam,NE,2021-05-26 22:25:06,14.3188,2.0866,93.15,16,13,4.18
488,Pemba,MZ,2021-05-26 22:25:07,-12.974,40.5178,75.9,78,20,8.05
489,Aitape,PG,2021-05-26 22:25:08,-3.1374,142.3475,78.28,87,99,3.06
490,Vila Velha,BR,2021-05-26 22:20:40,-20.3297,-40.2925,75.15,85,0,5.99
491,Eureka,US,2021-05-26 22:24:51,40.8021,-124.1637,70.66,71,35,7.0
492,Kalmunai,LK,2021-05-26 22:25:12,7.4167,81.8167,79.97,70,100,10.76
493,Nanakuli,US,2021-05-26 22:25:13,21.3906,-158.1547,87.75,60,20,5.79
494,Muisne,EC,2021-05-26 22:25:14,0.6,-80.0333,80.71,84,83,8.41
495,Dudinka,RU,2021-05-26 22:25:15,69.4058,86.1778,9.63,100,94,0.92
496,Labuhan,ID,2021-05-26 22:25:17,-6.8844,112.2051,77.83,87,48,9.73
497,Tautira,PF,2021-05-26 22:25:18,-17.7333,-149.15,82.42,75,15,7.34
498,Petropavlovsk-Kamchatskiy,RU,2021-05-26 22:25:21,53.0452,158.6483,39.79,100,90,5.23
499,Pafos,CY,2021-05-26 22:22:15,34.7667,32.4167,69.71,94,20,5.75
500,Verkhoyansk,RU,2021-05-26 22:25:23,67.5447,133.385,55.76,46,8,8.59
501,Riyadh,SA,2021-05-26 22:25:18,24.6877,46.7219,93.25,13,0,4.61
502,Morant Bay,JM,2021-05-26 22:25:26,17.8815,-76.4093,84.61,76,66,11.68
503,Vulcan,RO,2021-05-26 22:25:28,45.3833,23.2667,56.93,96,82,2.53
504,Bembereke,BJ,2021-05-26 22:25:29,10.2283,2.6634,86.76,35,73,6.87
505,Toba,JP,2021-05-26 22:22:08,34.4833,136.85,60.1,94,75,3.0
506,Katobu,ID,2021-05-26 22:25:31,-4.9408,122.5276,75.45,92,70,5.95
507,Los Chiles,CR,2021-05-26 22:25:32,11.0333,-84.7167,77.38,92,100,6.24
508,Liuzhou,CN,2021-05-26 22:25:34,24.3126,109.3892,75.22,97,100,2.66
509,Mumford,GH,2021-05-26 22:25:35,5.2618,-0.759,81.1,87,28,11.39
510,Varca,IN,2021-05-26 22:25:36,15.2167,73.9167,84.2,79,40,10.47
511,Lima,PE,2021-05-26 22:22:33,-12.0432,-77.0282,64.65,82,90,5.75
512,Talnakh,RU,2021-05-26 22:25:39,69.4865,88.3972,17.04,97,50,2.35
513,Bandarbeyla,SO,2021-05-26 22:25:40,9.4942,50.8122,78.89,80,65,24.27
514,Tazovskiy,RU,2021-05-26 22:25:41,67.4667,78.7,25.86,89,37,4.85
515,Atikokan,CA,2021-05-26 22:25:43,48.7555,-91.6216,52.83,27,25,9.55
516,Makaryev,RU,2021-05-26 22:25:44,57.8797,43.8069,45.14,79,97,7.2
517,Bismil,TR,2021-05-26 22:25:46,37.8486,40.6658,67.73,22,0,2.62
518,Grindavik,IS,2021-05-26 22:21:56,63.8424,-22.4338,48.15,81,75,30.78
519,Sehithwa,BW,2021-05-26 22:25:49,-20.4667,22.7167,55.78,43,0,5.77
520,Paris,FR,2021-05-26 22:21:17,48.8534,2.3488,53.22,87,0,1.01
521,Cabedelo,BR,2021-05-26 22:25:51,-6.9811,-34.8339,77.67,82,34,13.44
522,Srivardhan,IN,2021-05-26 22:25:52,18.0333,73.0167,83.26,70,99,8.08
523,Bredy,RU,2021-05-26 22:25:54,52.4153,60.3411,58.84,46,64,9.91
524,Las Palmas,ES,2021-05-26 22:25:55,28.4204,-14.0131,63.39,63,23,13.87
525,Vanino,RU,2021-05-26 22:25:57,49.0869,140.2543,44.89,77,99,1.97
526,Padina,RS,2021-05-26 22:25:58,45.1181,20.7272,58.57,67,7,3.91
527,Podor,MR,2021-05-26 22:25:59,16.6527,-14.9587,91.35,25,75,6.91
528,Merauke,ID,2021-05-26 22:26:01,-8.4667,140.3333,76.01,86,93,11.74
529,Saint-Cesaire,CA,2021-05-26 22:26:02,45.4168,-72.9991,77.34,88,44,18.39
530,Chipaque,CO,2021-05-26 22:26:03,4.4425,-74.0442,64.15,84,84,3.53
531,Valparaiso,CL,2021-05-26 22:22:04,-33.0393,-71.6273,68.23,53,0,11.5
532,Qaqortoq,GL,2021-05-26 22:26:06,60.7167,-46.0333,36.1,98,100,2.46
533,Lerida,ES,2021-05-26 22:26:07,41.6167,0.6167,64.67,86,0,0.29
534,Acapetahua,MX,2021-05-26 22:26:08,15.2833,-92.7,87.8,69,100,3.89
535,Saint-Georges,GD,2021-05-26 22:26:10,12.0564,-61.7485,82.08,78,20,18.41
536,Indianola,US,2021-05-26 22:26:11,41.3581,-93.5574,80.85,53,7,3.36
537,Dinguiraye,GN,2021-05-26 22:26:12,11.3,-10.7167,81.95,52,98,1.32
538,Yunyang,CN,2021-05-26 22:26:14,33.4474,112.7142,66.99,39,45,3.83
539,Zeya,RU,2021-05-26 22:26:16,53.75,127.2667,44.19,76,100,2.42
540,Pedasi,PA,2021-05-26 22:26:17,7.5333,-80.0333,82.69,74,96,1.01
541,Sharjah,AE,2021-05-26 22:24:53,25.3573,55.4033,89.89,55,0,10.63
